-- 插入用户数据 (患者10人 + 医生20人)
INSERT INTO user (username, phone, email, password, role) VALUES
                                                              ('张伟', '13800138001', 'zhangw@example.com', 'e10adc3949ba59abbe56e057f20f883e', 0),
                                                              ('李娜', '13800138002', 'lina@example.com', 'e10adc3949ba59abbe56e057f20f883e', 0),
                                                              ('王芳', '13800138003', 'wangf@example.com', 'e10adc3949ba59abbe56e057f20f883e', 0),
                                                              ('赵阳', '13800138004', 'zhaoy@example.com', 'e10adc3949ba59abbe56e057f20f883e', 0),
                                                              ('陈静', '13800138005', 'chenj@example.com', 'e10adc3949ba59abbe56e057f20f883e', 0),
                                                              ('刘洋', '13800138006', 'liuy@example.com', 'e10adc3949ba59abbe56e057f20f883e', 0),
                                                              ('周梅', '13800138007', 'zhoum@example.com', 'e10adc3949ba59abbe56e057f20f883e', 0),
                                                              ('吴刚', '13800138008', 'wug@example.com', 'e10adc3949ba59abbe56e057f20f883e', 0),
                                                              ('郑雪', '13800138009', 'zhengx@example.com', 'e10adc3949ba59abbe56e057f20f883e', 0),
                                                              ('孙明', '13800138010', 'sunm@example.com', 'e10adc3949ba59abbe56e057f20f883e', 0),
                                                              ('林志远', '13900139001', 'linzy@cqhospital.com', 'd0970714757783e6cf17b26fb8e2298f', 1),
                                                              ('刘心怡', '13900139002', 'liuxy@cqhospital.com', 'd0970714757783e6cf17b26fb8e2298f', 1),
                                                              ('张博文', '13900139003', 'zhangbw@cqhospital.com', 'd0970714757783e6cf17b26fb8e2298f', 1),
                                                              ('李建国', '13900139004', 'lijg@cqhospital.com', 'd0970714757783e6cf17b26fb8e2298f', 1),
                                                              ('王雅雯', '13900139005', 'wangyw@cqhospital.com', 'd0970714757783e6cf17b26fb8e2298f', 1),
                                                              ('陈振华', '13900139006', 'chenzh@cqhospital.com', 'd0970714757783e6cf17b26fb8e2298f', 1),
                                                              ('周若兰', '13900139007', 'zhourl@cqhospital.com', 'd0970714757783e6cf17b26fb8e2298f', 1),
                                                              ('吴天宇', '13900139008', 'wuty@cqhospital.com', 'd0970714757783e6cf17b26fb8e2298f', 1),
                                                              ('郑浩然', '13900139009', 'zhenghr@cqhospital.com', 'd0970714757783e6cf17b26fb8e2298f', 1),
                                                              ('孙晓梅', '13900139010', 'sunxm@cqhospital.com', 'd0970714757783e6cf17b26fb8e2298f', 1),
                                                              ('杨逸飞', '13900139011', 'yangyf@cqhospital.com', 'd0970714757783e6cf17b26fb8e2298f', 1),
                                                              ('朱慧琳', '13900139012', 'zhuhl@cqhospital.com', 'd0970714757783e6cf17b26fb8e2298f', 1),
                                                              ('徐海峰', '13900139013', 'xuhf@cqhospital.com', 'd0970714757783e6cf17b26fb8e2298f', 1),
                                                              ('马天翔', '13900139014', 'matx@cqhospital.com', 'd0970714757783e6cf17b26fb8e2298f', 1),
                                                              ('谢雨欣', '13900139015', 'xieyx@cqhospital.com', 'd0970714757783e6cf17b26fb8e2298f', 1),
                                                              ('韩东升', '13900139016', 'hands@cqhospital.com', 'd0970714757783e6cf17b26fb8e2298f', 1),
                                                              ('董文静', '13900139017', 'dongwj@cqhospital.com', 'd0970714757783e6cf17b26fb8e2298f', 1),
                                                              ('梁志强', '13900139018', 'liangzq@cqhospital.com', 'd0970714757783e6cf17b26fb8e2298f', 1),
                                                              ('高梦瑶', '13900139019', 'gaomy@cqhospital.com', 'd0970714757783e6cf17b26fb8e2298f', 1),
                                                              ('黄伟杰', '13900139020', 'huangwj@cqhospital.com', 'd0970714757783e6cf17b26fb8e2298f', 1);

-- 插入患者数据 (与用户表username对应)
INSERT INTO patient (patientName, age, allergiesHistory, habits, oldHistory, sex, userId) VALUES
                                                                                              ('张伟', 45, '青霉素过敏', '吸烟20年，每日1包', '高血压10年', 0, 1),
                                                                                              ('李娜', 32, '无', '每周健身3次', '2018年阑尾炎手术', 1, 2),
                                                                                              ('王芳', 28, '海鲜过敏', '素食主义者', '过敏性鼻炎', 1, 3),
                                                                                              ('赵阳', 67, '阿司匹林过敏', '每日晨练', '糖尿病、冠心病', 0, 4),
                                                                                              ('陈静', 19, '花粉过敏', '大学生，作息规律', '无重大病史', 1, 5),
                                                                                              ('刘洋', 53, '无', 'IT从业者，久坐', '腰椎间盘突出', 0, 6),
                                                                                              ('周梅', 41, '头孢过敏', '教师，用嗓过度', '慢性咽炎', 1, 7),
                                                                                              ('吴刚', 36, '无', '建筑工人，体力劳动大', '2019年骨折', 0, 8),
                                                                                              ('郑雪', 29, '牛奶过敏', '护士，三班倒', '胃溃疡', 1, 9),
                                                                                              ('孙明', 58, '磺胺类过敏', '退休教师', '高血压、高血脂', 0, 10);

-- 插入医生数据 (重庆医院，每个科室>2人)
INSERT INTO doctor (cityName, departmentName, doctorName, hospitalName, introduction, userId) VALUES
-- 重庆医科大学附属第一医院 内科 (3人)
('渝中区', '内科', '林志远', '重庆医科大学附属第一医院', '擅长心脑血管疾病诊疗，尤其急性心梗的介入治疗', 11),
('渝中区', '内科', '刘心怡', '重庆医科大学附属第一医院', '呼吸系统疾病专家，慢性阻塞性肺病治疗权威', 12),
('渝中区', '内科', '张博文', '重庆医科大学附属第一医院', '内分泌疾病治疗，糖尿病并发症控制专家', 13),

-- 陆军军医大学西南医院 外科 (3人)
('沙坪坝区', '外科', '李建国', '陆军军医大学第一附属医院', '微创腹腔镜手术专家，年均手术量300+', 14),
('沙坪坝区', '外科', '王雅雯', '陆军军医大学第一附属医院', '肝胆外科权威，复杂肝胆管结石治疗领先', 15),
('沙坪坝区', '外科', '陈振华', '陆军军医大学第一附属医院', '胃肠肿瘤根治手术专家，五年生存率高于平均水平', 16),

-- 重庆市妇幼保健院 妇产科 (3人)
('渝中区', '妇产科', '周若兰', '重庆市妇幼保健院', '高危妊娠管理专家，成功处理子痫前期病例500+', 17),
('渝中区', '妇产科', '吴天宇', '重庆市妇幼保健院', '妇科肿瘤微创手术，单孔腹腔镜技术领先', 18),
('渝中区', '妇产科', '郑浩然', '重庆市妇幼保健院', '不孕不育诊疗专家，辅助生殖技术成功率85%', 19),

-- 重庆医科大学附属儿童医院 儿科 (3人)
('渝中区', '儿科', '孙晓梅', '重庆医科大学附属儿童医院', '新生儿重症监护专家，极低体重儿救治权威', 20),
('渝中区', '儿科', '杨逸飞', '重庆医科大学附属儿童医院', '儿童呼吸系统疾病，哮喘规范化治疗领先', 21),
('渝中区', '儿科', '朱慧琳', '重庆医科大学附属儿童医院', '小儿神经发育行为疾病诊疗专家', 22),

-- 重庆市中医院 中医科 (3人)
('江北区', '中医科', '徐海峰', '重庆市中医院', '经方派传人，擅长脾胃病和亚健康调理', 23),
('江北区', '中医科', '马天翔', '重庆市中医院', '针灸专家，面瘫和疼痛管理治疗领先', 24),
('江北区', '中医科', '谢雨欣', '重庆市中医院', '妇科疾病中医治疗，不孕症调理成功率高', 25),

-- 陆军特色医学中心 急诊科 (3人)
('渝中区', '急诊科', '韩东升', '陆军特色医学中心', '创伤急救专家，多发伤综合救治成功率92%', 26),
('渝中区', '急诊科', '董文静', '陆军特色医学中心', '中毒救治权威，尤其有机磷农药中毒处理', 27),
('渝中区', '急诊科', '梁志强', '陆军特色医学中心', '心肺复苏专家，ECMO生命支持技术领先', 28),

-- 重庆大学附属肿瘤医院 肿瘤科 (2人)
('沙坪坝区', '肿瘤科', '高梦瑶', '重庆大学附属肿瘤医院', '肺癌靶向治疗专家，基因检测指导个体化治疗', 29),
('沙坪坝区', '肿瘤科', '黄伟杰', '重庆大学附属肿瘤医院', '消化道肿瘤综合治疗，免疫疗法应用领先', 30);

-- 插入病历记录 (20条)
INSERT INTO record (doctorId, patientId, description, tongue, status, patientName, sex, age, allergiesHistory, habits, oldHistory, phone, score) VALUES
                                                                                                                                                     (1, 1, '反复胸闷气短3个月，活动后加重', '舌质暗紫，苔薄白', 2, '张伟', 0, 45, '青霉素过敏', '吸烟20年，每日1包', '高血压10年', '13800138001', 4.5),
                                                                                                                                                     (2, 2, '咳嗽伴黄痰2周，夜间加重', '舌红苔黄腻', 3, '李娜', 1, 32, '无', '每周健身3次', '2018年阑尾炎手术', '13800138002', 4.2),
                                                                                                                                                     (3, 3, '多饮多尿半年，体重下降5kg', '舌干少津', 1, '王芳', 1, 28, '海鲜过敏', '素食主义者', '过敏性鼻炎', '13800138003', 0),
                                                                                                                                                     (4, 4, '右上腹持续性疼痛伴发热2天', '舌红苔黄厚', 2, '赵阳', 0, 67, '阿司匹林过敏', '每日晨练', '糖尿病、冠心病', '13800138004', 4.0),
                                                                                                                                                     (5, 5, '月经不规律伴痛经加重半年', '舌淡苔白', 0, '陈静', 1, 19, '花粉过敏', '大学生，作息规律', '无重大病史', '13800138005', 0),
                                                                                                                                                     (6, 6, '腰腿痛放射至右下肢3个月', '舌暗苔白', 3, '刘洋', 0, 53, '无', 'IT从业者，久坐', '腰椎间盘突出', '13800138006', 4.8),
                                                                                                                                                     (7, 7, '声嘶咽痛反复发作1年', '舌红少苔', 2, '周梅', 1, 41, '头孢过敏', '教师，用嗓过度', '慢性咽炎', '13800138007', 4.3),
                                                                                                                                                     (8, 8, '外伤后左腕肿胀疼痛2小时', '舌淡红苔薄白', 1, '吴刚', 0, 36, '无', '建筑工人，体力劳动大', '2019年骨折', '13800138008', 0),
                                                                                                                                                     (9, 9, '餐后上腹灼痛伴反酸1个月', '舌红苔黄', 2, '郑雪', 1, 29, '牛奶过敏', '护士，三班倒', '胃溃疡', '13800138009', 3.9),
                                                                                                                                                     (10, 10, '头晕头痛血压控制不佳1周', '舌胖大齿痕', 3, '孙明', 0, 58, '磺胺类过敏', '退休教师', '高血压、高血脂', '13800138010', 4.6),
                                                                                                                                                     (11, 1, '心电图显示ST段压低，要求复查', '舌紫暗有瘀斑', 2, '张伟', 0, 45, '青霉素过敏', '吸烟20年，每日1包', '高血压10年', '13800138001', 4.1),
                                                                                                                                                     (12, 2, '感冒后咳嗽迁延不愈4周', '舌淡苔白腻', 0, '李娜', 1, 32, '无', '每周健身3次', '2018年阑尾炎手术', '13800138002', 0),
                                                                                                                                                     (13, 3, '空腹血糖波动大，寻求调整方案', '舌红少津', 3, '王芳', 1, 28, '海鲜过敏', '素食主义者', '过敏性鼻炎', '13800138003', 4.7),
                                                                                                                                                     (14, 4, '胆结石术后伤口渗液复查', '舌淡苔薄', 2, '赵阳', 0, 67, '阿司匹林过敏', '每日晨练', '糖尿病、冠心病', '13800138004', 4.3),
                                                                                                                                                     (15, 5, '青春期痤疮加重伴结节', '舌红苔黄燥', 1, '陈静', 1, 19, '花粉过敏', '大学生，作息规律', '无重大病史', '13800138005', 0),
                                                                                                                                                     (16, 6, '腰椎术后康复训练咨询', '舌淡苔白', 3, '刘洋', 0, 53, '无', 'IT从业者，久坐', '腰椎间盘突出', '13800138006', 4.9),
                                                                                                                                                     (17, 7, '声带息肉术后声音恢复评估', '舌红少津', 2, '周梅', 1, 41, '头孢过敏', '教师，用嗓过度', '慢性咽炎', '13800138007', 4.4),
                                                                                                                                                     (18, 8, '腕关节活动度复查', '舌淡红苔薄', 2, '吴刚', 0, 36, '无', '建筑工人，体力劳动大', '2019年骨折', '13800138008', 4.0),
                                                                                                                                                     (19, 9, '胃镜复查显示溃疡愈合情况', '舌淡苔白', 3, '郑雪', 1, 29, '牛奶过敏', '护士，三班倒', '胃溃疡', '13800138009', 4.6),
                                                                                                                                                     (20, 10, '高血压药物副作用咨询', '舌胖大边有齿痕', 2, '孙明', 0, 58, '磺胺类过敏', '退休教师', '高血压、高血脂', '13800138010', 4.2);

-- 插入诊断数据 (16条)
INSERT INTO diagnostic (orders, prescription, result, recordId) VALUES
                                                                    ('低盐低脂饮食，监测血压每日2次', '硝苯地平控释片 30mg qd\n阿司匹林肠溶片 100mg qd', '冠心病稳定性心绞痛', 1),
                                                                    ('避免辛辣刺激食物，雾化吸入每日2次', '布地奈德雾化液 2ml bid\n左氧氟沙星片 0.5g qd', '急性支气管炎', 2),
                                                                    ('腹腔引流管护理每日换药', '头孢曲松钠 2g ivgtt qd\n生长抑素 3mg 泵入', '急性胆囊炎伴胆石症', 4),
                                                                    ('声休1周，避免大声说话', '金嗓散结丸 6g tid\n布地奈德雾化吸入 bid', '慢性喉炎伴声带小结', 7),
                                                                    ('戒烟限酒，每月心内科随访', '单硝酸异山梨酯 60mg qd\n瑞舒伐他汀 10mg qn', '冠心病心功能II级', 11),
                                                                    ('伤口换药隔日一次，避免沾水', '头孢克肟 0.1g bid\n胰岛素（根据血糖调整）', '胆总管结石术后', 14),
                                                                    ('规范发声训练，教师用嗓防护', '甘桔冰梅片 1.2g tid\n康复新液漱口', '声带息肉术后恢复期', 17),
                                                                    ('腕关节功能锻炼每日3次', '塞来昔布 0.2g qd\n钙尔奇D 600mg qd', '桡骨远端骨折术后', 18),
                                                                    ('质子泵抑制剂餐前服用', '雷贝拉唑 20mg qd\n铝碳酸镁 1.0g tid', '胃溃疡愈合期A1期', 19),
                                                                    ('监测立卧位血压，避免体位性低血压', '厄贝沙坦 150mg qd\n氨氯地平 5mg qd', '高血压3级 高危组', 20),
                                                                    ('糖尿病饮食控制，自我血糖监测', '二甲双胍 0.5g tid\n格列美脲 2mg qd', '2型糖尿病', 3),
                                                                    ('物理治疗每周3次，避免久坐', '乙哌立松 50mg tid\n维生素B1 10mg tid', '腰椎间盘突出术后', 6),
                                                                    ('胃溃疡饮食指导，避免夜班劳累', '奥美拉唑 20mg bid\n硫糖铝混悬液 10ml tid', '胃溃疡活动期', 9),
                                                                    ('降压药物联合使用，定期监测肾功能', '缬沙坦 80mg qd\n氢氯噻嗪 12.5mg qd', '高血压肾病', 10),
                                                                    ('胰岛素剂量调整方案', '门冬胰岛素（早10U 晚8U）\n甘精胰岛素 16U qn', '脆性糖尿病', 13),
                                                                    ('康复训练计划（物理治疗师配合）', '洛索洛芬钠 60mg tid\n甲钴胺 0.5mg tid', '腰椎术后康复期', 16);

-- 插入评论数据 (18条)
INSERT INTO comment (content, role, username, recordId, userId) VALUES
                                                                    ('林医生解释病情非常耐心，治疗方案清晰', 0, '张伟', 1, 1),
                                                                    ('感谢刘医生开的药，咳嗽明显好转', 0, '李娜', 2, 2),
                                                                    ('王医生对血糖控制给出了详细建议', 0, '王芳', 3, 3),
                                                                    ('李主任手术技术高超，伤口恢复很快', 0, '赵阳', 4, 4),
                                                                    ('周主任的声带保护建议对教师很有帮助', 0, '周梅', 7, 7),
                                                                    ('复诊体验很好，医生记得我的病史细节', 0, '刘洋', 6, 6),
                                                                    ('胃镜复查过程顺利，护士操作专业', 0, '郑雪', 19, 9),
                                                                    ('降压药调整后头晕症状改善明显', 0, '孙明', 20, 10),
                                                                    ('患者依从性对治疗效果很重要，请遵医嘱', 1, '林志远', 1, 11),
                                                                    ('慢性咳嗽需注意避免冷空气刺激', 1, '刘心怡', 2, 12),
                                                                    ('糖尿病管理需要饮食运动药物三管齐下', 1, '张博文', 3, 13),
                                                                    ('术后康复训练要循序渐进，不可操之过急', 1, '李建国', 4, 14),
                                                                    ('声带术后1个月内避免大声说话是关键', 1, '周若兰', 7, 17),
                                                                    ('骨折康复期补钙和功能锻炼同等重要', 1, '吴天宇', 18, 18),
                                                                    ('胃溃疡患者需注意饮食规律，避免辛辣', 1, '郑浩然', 19, 19),
                                                                    ('高血压患者家庭自测血压记录很重要', 1, '孙晓梅', 20, 20),
                                                                    ('胰岛素注射技巧视频已发送至患者邮箱', 1, '杨逸飞', 13, 21),
                                                                    ('腰椎康复训练视频已上传至患者APP', 1, '朱慧琳', 16, 22);

-- 插入回复数据 (18条)
INSERT INTO reply (content, role, replyedName, username, commentId, userId) VALUES
                                                                                ('您的配合是治疗成功的关键，继续坚持', 1, '张伟', '林志远', 1, 11),
                                                                                ('有问题随时在平台留言，我会及时回复', 1, '李娜', '刘心怡', 2, 12),
                                                                                ('血糖记录表已收到，下周调整用药方案', 1, '王芳', '张博文', 3, 13),
                                                                                ('术后三个月记得复查腹部超声', 1, '赵阳', '李建国', 4, 14),
                                                                                ('发声训练手册已上传到您的账户', 1, '周梅', '周若兰', 5, 17),
                                                                                ('康复进度理想，继续保持锻炼强度', 1, '刘洋', '朱慧琳', 6, 22),
                                                                                ('新开的胃药饭前半小时服用效果更好', 1, '郑雪', '郑浩然', 7, 19),
                                                                                ('血压记录看到了，下次减半片利尿剂', 1, '孙明', '孙晓梅', 8, 20),
                                                                                ('明白了，我会按时记录血压变化', 0, '林志远', '张伟', 9, 1),
                                                                                ('咳嗽已经基本好了，还需要复诊吗？', 0, '刘心怡', '李娜', 10, 2),
                                                                                ('饮食记录表已上传，请医生查看', 0, '张博文', '王芳', 11, 3),
                                                                                ('伤口愈合照片已上传，请医生确认', 0, '李建国', '赵阳', 12, 4),
                                                                                ('下周学校有公开课，可以小声说话吗？', 0, '周若兰', '周梅', 13, 7),
                                                                                ('手腕活动时还有轻微疼痛是否正常？', 0, '吴天宇', '吴刚', 14, 8),
                                                                                ('夜班无法避免，如何减少对胃的影响？', 0, '郑浩然', '郑雪', 15, 9),
                                                                                ('新降压药服用后脚踝有些水肿', 0, '孙晓梅', '孙明', 16, 10),
                                                                                ('胰岛素注射视频很有帮助，已学会', 0, '杨逸飞', '王芳', 17, 3),
                                                                                ('康复训练动作已掌握，每天坚持练习', 0, '朱慧琳', '刘洋', 18, 6);